Timestamp,Building,Voltage_V,Current_A,Power_W,Energy_kWh
2026-01-01 00:00:00,Library,230.55,10.9,2512.1,0.628
2026-01-01 00:15:00,Hostel,233.63,7.74,1809.37,0.4523
2026-01-01 00:30:00,Laboratory,232.41,8.72,2026.79,0.5067
2026-01-01 00:45:00,Hostel,231.12,13.45,3107.48,0.7769
2026-01-01 01:00:00,Hostel,226.05,10.34,2337.29,0.5843
2026-01-01 01:15:00,Computer Lab,232.36,5.69,1320.99,0.3302
2026-01-01 01:30:00,Laboratory,239.41,12.76,3054.32,0.7636
2026-01-01 01:45:00,Laboratory,236.73,8.0,1892.77,0.4732
2026-01-01 02:00:00,Laboratory,237.97,15.62,3717.0,0.9293
2026-01-01 02:15:00,Hostel,227.44,13.24,3011.39,0.7528
2026-01-01 02:30:00,Library,225.05,8.66,1948.51,0.4871
2026-01-01 02:45:00,Laboratory,229.37,13.84,3175.19,0.7938
2026-01-01 03:00:00,Hostel,230.28,10.2,2349.66,0.5874
2026-01-01 03:15:00,Computer Lab,235.47,12.56,2957.12,0.7393
2026-01-01 03:30:00,Library,221.54,11.45,2537.54,0.6344
2026-01-01 03:45:00,Computer Lab,237.65,7.46,1773.07,0.4433
2026-01-01 04:00:00,Library,229.21,8.07,1849.58,0.4624
2026-01-01 04:15:00,Hostel,227.87,13.09,2982.73,0.7457
2026-01-01 04:30:00,Academic Block,224.94,9.0,2023.48,0.5059
2026-01-01 04:45:00,Library,221.73,8.79,1948.76,0.4872
2026-01-01 05:00:00,Computer Lab,234.12,7.13,1670.33,0.4176
2026-01-01 05:15:00,Hostel,230.37,11.27,2596.42,0.6491
2026-01-01 05:30:00,Library,223.55,16.19,3618.74,0.9047
2026-01-01 05:45:00,Academic Block,223.52,6.8,1519.39,0.3798
2026-01-01 06:00:00,Academic Block,228.32,10.07,2299.8,0.575
2026-01-01 06:15:00,Laboratory,238.35,14.24,3393.24,0.8483
2026-01-01 06:30:00,Laboratory,228.7,9.76,2232.38,0.5581
2026-01-01 06:45:00,Computer Lab,222.48,11.36,2526.78,0.6317
2026-01-01 07:00:00,Library,228.77,6.81,1558.58,0.3896
2026-01-01 07:15:00,Library,228.64,11.28,2580.14,0.645
2026-01-01 07:30:00,Laboratory,216.52,9.44,2043.6,0.5109
2026-01-01 07:45:00,Library,229.73,12.96,2976.64,0.7442
2026-01-01 08:00:00,Library,228.85,13.56,3103.64,0.7759
2026-01-01 08:15:00,Academic Block,233.48,17.77,4148.65,1.0372
2026-01-01 08:30:00,Laboratory,239.24,11.74,2808.47,0.7021
2026-01-01 08:45:00,Hostel,235.63,10.98,2586.63,0.6467
2026-01-01 09:00:00,Laboratory,228.66,10.58,2419.9,0.605
2026-01-01 09:15:00,Hostel,224.47,8.94,2006.85,0.5017
2026-01-01 09:30:00,Academic Block,242.87,11.02,2675.29,0.6688
2026-01-01 09:45:00,Computer Lab,230.3,9.11,2098.87,0.5247
2026-01-01 10:00:00,Library,230.07,10.51,2416.97,0.6042
2026-01-01 10:15:00,Academic Block,229.88,13.95,3207.46,0.8019
2026-01-01 10:30:00,Library,230.99,6.98,1612.4,0.4031
2026-01-01 10:45:00,Computer Lab,229.28,13.42,3076.83,0.7692
2026-01-01 11:00:00,Computer Lab,227.13,13.95,3168.79,0.7922
2026-01-01 11:15:00,Academic Block,227.27,9.65,2192.16,0.548
2026-01-01 11:30:00,Computer Lab,229.84,3.63,835.32,0.2088
2026-01-01 11:45:00,Hostel,227.28,8.18,1858.39,0.4646
2026-01-01 12:00:00,Computer Lab,226.44,13.89,3145.42,0.7864
2026-01-01 12:15:00,Library,230.53,9.93,2289.51,0.5724
2026-01-01 12:30:00,Library,228.73,7.0,1601.55,0.4004
2026-01-01 12:45:00,Library,237.52,8.49,2015.52,0.5039
2026-01-01 13:00:00,Library,216.75,12.52,2714.05,0.6785
2026-01-01 13:15:00,Hostel,235.46,11.64,2740.77,0.6852
2026-01-01 13:30:00,Laboratory,236.23,9.28,2192.98,0.5482
2026-01-01 13:45:00,Academic Block,219.63,8.9,1954.63,0.4887
2026-01-01 14:00:00,Library,228.29,8.82,2014.57,0.5036
2026-01-01 14:15:00,Computer Lab,228.14,7.23,1650.1,0.4125
2026-01-01 14:30:00,Library,222.96,14.85,3310.13,0.8275
2026-01-01 14:45:00,Computer Lab,226.11,9.03,2042.47,0.5106
2026-01-01 15:00:00,Computer Lab,224.45,13.65,3064.03,0.766
2026-01-01 15:15:00,Library,238.76,14.56,3477.31,0.8693
2026-01-01 15:30:00,Hostel,234.68,12.99,3049.63,0.7624
2026-01-01 15:45:00,Computer Lab,236.36,8.71,2057.53,0.5144
2026-01-01 16:00:00,Computer Lab,233.61,11.21,2619.03,0.6548
2026-01-01 16:15:00,Library,224.35,9.93,2227.26,0.5568
2026-01-01 16:30:00,Computer Lab,227.38,7.29,1657.33,0.4143
2026-01-01 16:45:00,Computer Lab,232.45,10.97,2550.66,0.6377
2026-01-01 17:00:00,Library,223.89,6.46,1446.97,0.3617
2026-01-01 17:15:00,Library,233.56,13.56,3167.85,0.792
2026-01-01 17:30:00,Academic Block,228.8,8.61,1969.07,0.4923
2026-01-01 17:45:00,Hostel,228.13,10.6,2418.93,0.6047
2026-01-01 18:00:00,Hostel,233.55,10.85,2534.04,0.6335
2026-01-01 18:15:00,Computer Lab,232.22,9.22,2141.84,0.5355
2026-01-01 18:30:00,Hostel,228.2,11.76,2683.59,0.6709
2026-01-01 18:45:00,Computer Lab,235.8,8.58,2022.02,0.5055
2026-01-01 19:00:00,Academic Block,224.59,12.61,2833.01,0.7083
2026-01-01 19:15:00,Library,233.08,5.96,1389.64,0.3474
2026-01-01 19:30:00,Library,232.97,10.38,2417.98,0.6045
2026-01-01 19:45:00,Library,228.45,15.82,3613.38,0.9033
2026-01-01 20:00:00,Hostel,231.63,7.0,1621.18,0.4053
2026-01-01 20:15:00,Academic Block,223.74,7.97,1782.52,0.4456
2026-01-01 20:30:00,Hostel,234.62,11.54,2707.92,0.677
2026-01-01 20:45:00,Hostel,229.08,10.54,2414.17,0.6035
2026-01-01 21:00:00,Academic Block,227.39,11.05,2513.05,0.6283
2026-01-01 21:15:00,Academic Block,235.25,11.47,2697.69,0.6744
2026-01-01 21:30:00,Academic Block,226.48,11.9,2696.03,0.674
2026-01-01 21:45:00,Academic Block,222.96,13.33,2971.83,0.743
2026-01-01 22:00:00,Library,222.22,11.23,2495.37,0.6238
2026-01-01 22:15:00,Laboratory,233.03,9.28,2161.64,0.5404
2026-01-01 22:30:00,Laboratory,223.6,12.02,2687.14,0.6718
2026-01-01 22:45:00,Academic Block,238.77,15.7,3748.67,0.9372
2026-01-01 23:00:00,Laboratory,219.59,9.6,2108.53,0.5271
2026-01-01 23:15:00,Laboratory,238.48,7.08,1687.6,0.4219
2026-01-01 23:30:00,Academic Block,231.06,13.32,3077.94,0.7695
2026-01-01 23:45:00,Laboratory,229.52,9.64,2212.28,0.5531
2026-01-02 00:00:00,Hostel,227.28,3.48,791.37,0.1978
2026-01-02 00:15:00,Computer Lab,232.0,12.54,2909.75,0.7274
2026-01-02 00:30:00,Computer Lab,229.81,8.39,1929.04,0.4823
2026-01-02 00:45:00,Academic Block,235.52,9.73,2291.2,0.5728
2026-01-02 01:00:00,Library,230.57,11.0,2535.35,0.6338
2026-01-02 01:15:00,Academic Block,230.75,10.57,2439.39,0.6098
2026-01-02 01:30:00,Library,228.18,12.13,2767.47,0.6919
2026-01-02 01:45:00,Computer Lab,229.72,8.69,1997.04,0.4993
2026-01-02 02:00:00,Academic Block,231.54,11.54,2671.8,0.668
2026-01-02 02:15:00,Hostel,221.45,9.22,2042.06,0.5105
2026-01-02 02:30:00,Laboratory,223.26,12.22,2727.43,0.6819
2026-01-02 02:45:00,Library,233.72,11.85,2768.63,0.6922
2026-01-02 03:00:00,Laboratory,230.85,7.19,1660.69,0.4152
2026-01-02 03:15:00,Laboratory,229.08,13.26,3037.13,0.7593
2026-01-02 03:30:00,Academic Block,230.09,8.39,1930.96,0.4827
2026-01-02 03:45:00,Laboratory,231.74,12.42,2879.15,0.7198
2026-01-02 04:00:00,Hostel,227.3,11.1,2523.47,0.6309
2026-01-02 04:15:00,Laboratory,226.11,15.51,3507.97,0.877
2026-01-02 04:30:00,Academic Block,230.98,9.33,2154.94,0.5387
2026-01-02 04:45:00,Hostel,225.11,8.95,2015.18,0.5038
2026-01-02 05:00:00,Computer Lab,232.04,9.94,2306.89,0.5767
2026-01-02 05:15:00,Laboratory,221.49,9.09,2013.42,0.5034
2026-01-02 05:30:00,Academic Block,235.15,12.4,2915.77,0.7289
2026-01-02 05:45:00,Computer Lab,232.36,5.15,1196.92,0.2992
2026-01-02 06:00:00,Computer Lab,231.28,6.84,1581.71,0.3954
2026-01-02 06:15:00,Library,234.91,6.8,1596.61,0.3992
2026-01-02 06:30:00,Hostel,238.33,12.85,3062.73,0.7657
2026-01-02 06:45:00,Laboratory,235.07,15.13,3557.07,0.8893
2026-01-02 07:00:00,Academic Block,220.8,9.69,2138.77,0.5347
2026-01-02 07:15:00,Library,223.6,9.49,2122.77,0.5307
2026-01-02 07:30:00,Hostel,226.88,10.21,2316.44,0.5791
2026-01-02 07:45:00,Library,230.13,13.49,3103.46,0.7759
2026-01-02 08:00:00,Hostel,232.59,7.22,1678.81,0.4197
2026-01-02 08:15:00,Hostel,226.37,10.72,2425.59,0.6064
2026-01-02 08:30:00,Laboratory,230.93,12.93,2984.96,0.7462
2026-01-02 08:45:00,Hostel,226.22,11.5,2602.31,0.6506
2026-01-02 09:00:00,Library,226.94,10.57,2398.5,0.5996
2026-01-02 09:15:00,Hostel,222.97,13.0,2899.27,0.7248
2026-01-02 09:30:00,Laboratory,225.38,1.89,426.04,0.1065
2026-01-02 09:45:00,Laboratory,223.24,12.03,2686.41,0.6716
2026-01-02 10:00:00,Library,225.12,8.04,1809.47,0.4524
2026-01-02 10:15:00,Computer Lab,235.27,4.51,1060.61,0.2652
2026-01-02 10:30:00,Computer Lab,225.25,11.53,2597.98,0.6495
2026-01-02 10:45:00,Hostel,243.16,14.12,3433.68,0.8584
2026-01-02 11:00:00,Academic Block,232.47,9.59,2228.81,0.5572
2026-01-02 11:15:00,Hostel,230.92,12.86,2969.37,0.7423
2026-01-02 11:30:00,Library,225.71,14.84,3348.8,0.8372
2026-01-02 11:45:00,Library,233.5,13.94,3256.12,0.814
2026-01-02 12:00:00,Library,227.12,14.92,3388.63,0.8472
2026-01-02 12:15:00,Library,230.61,12.23,2819.53,0.7049
2026-01-02 12:30:00,Library,242.8,10.23,2482.95,0.6207
2026-01-02 12:45:00,Laboratory,229.52,5.19,1192.15,0.298
2026-01-02 13:00:00,Computer Lab,235.75,9.26,2183.44,0.5459
2026-01-02 13:15:00,Library,226.48,7.47,1691.9,0.423
2026-01-02 13:30:00,Academic Block,229.83,16.51,3795.06,0.9488
2026-01-02 13:45:00,Academic Block,238.85,9.47,2262.51,0.5656
2026-01-02 14:00:00,Academic Block,226.87,10.37,2352.5,0.5881
2026-01-02 14:15:00,Academic Block,239.06,11.65,2786.14,0.6965
2026-01-02 14:30:00,Laboratory,233.54,10.13,2365.94,0.5915
2026-01-02 14:45:00,Academic Block,227.19,15.09,3427.16,0.8568
2026-01-02 15:00:00,Library,233.16,8.13,1896.09,0.474
2026-01-02 15:15:00,Hostel,234.86,10.58,2485.75,0.6214
2026-01-02 15:30:00,Academic Block,233.11,7.77,1811.86,0.453
2026-01-02 15:45:00,Laboratory,222.15,6.04,1341.76,0.3354
2026-01-02 16:00:00,Laboratory,226.36,8.16,1848.2,0.462
2026-01-02 16:15:00,Academic Block,228.76,9.89,2262.21,0.5656
2026-01-02 16:30:00,Hostel,229.63,8.71,2000.54,0.5001
2026-01-02 16:45:00,Academic Block,233.1,7.92,1846.82,0.4617
2026-01-02 17:00:00,Laboratory,230.89,5.78,1334.78,0.3337
2026-01-02 17:15:00,Computer Lab,223.32,9.75,2177.55,0.5444
2026-01-02 17:30:00,Library,231.9,5.49,1272.17,0.318
2026-01-02 17:45:00,Laboratory,233.05,12.28,2861.93,0.7155
2026-01-02 18:00:00,Academic Block,232.8,10.25,2385.57,0.5964
2026-01-02 18:15:00,Library,235.4,5.63,1324.7,0.3312
2026-01-02 18:30:00,Academic Block,234.17,9.07,2124.47,0.5311
2026-01-02 18:45:00,Academic Block,232.3,7.74,1798.79,0.4497
2026-01-02 19:00:00,Computer Lab,229.65,10.96,2516.39,0.6291
2026-01-02 19:15:00,Library,221.7,14.02,3108.47,0.7771
2026-01-02 19:30:00,Library,232.15,4.37,1015.53,0.2539
2026-01-02 19:45:00,Computer Lab,231.04,10.35,2390.11,0.5975
2026-01-02 20:00:00,Laboratory,231.36,9.52,2202.43,0.5506
2026-01-02 20:15:00,Academic Block,223.62,12.01,2686.53,0.6716
2026-01-02 20:30:00,Hostel,224.59,10.64,2389.6,0.5974
2026-01-02 20:45:00,Academic Block,235.27,7.74,1821.92,0.4555
2026-01-02 21:00:00,Academic Block,229.8,9.04,2078.06,0.5195
2026-01-02 21:15:00,Laboratory,233.41,7.61,1776.68,0.4442
2026-01-02 21:30:00,Academic Block,230.14,13.23,3044.32,0.7611
2026-01-02 21:45:00,Computer Lab,230.15,10.06,2316.2,0.5791
2026-01-02 22:00:00,Computer Lab,234.69,15.7,3685.49,0.9214
2026-01-02 22:15:00,Library,227.42,9.82,2232.81,0.5582
2026-01-02 22:30:00,Hostel,230.48,7.87,1814.98,0.4537
2026-01-02 22:45:00,Academic Block,227.69,5.46,1242.92,0.3107
2026-01-02 23:00:00,Academic Block,227.83,4.59,1045.86,0.2615
2026-01-02 23:15:00,Laboratory,228.45,5.25,1198.83,0.2997
2026-01-02 23:30:00,Computer Lab,231.11,10.8,2496.31,0.6241
2026-01-02 23:45:00,Hostel,227.61,11.53,2623.43,0.6559
2026-01-03 00:00:00,Library,236.28,5.26,1241.98,0.3105
2026-01-03 00:15:00,Computer Lab,225.53,12.69,2860.84,0.7152
2026-01-03 00:30:00,Library,229.07,8.55,1958.7,0.4897
2026-01-03 00:45:00,Laboratory,227.8,10.44,2378.33,0.5946
2026-01-03 01:00:00,Laboratory,237.23,14.84,3519.77,0.8799
2026-01-03 01:15:00,Academic Block,230.98,12.69,2931.29,0.7328
2026-01-03 01:30:00,Hostel,235.16,9.19,2162.15,0.5405
2026-01-03 01:45:00,Library,222.57,7.33,1630.66,0.4077
2026-01-03 02:00:00,Computer Lab,231.34,3.54,819.98,0.205
2026-01-03 02:15:00,Laboratory,234.45,7.84,1838.67,0.4597
2026-01-03 02:30:00,Academic Block,230.41,9.37,2158.17,0.5395
2026-01-03 02:45:00,Academic Block,235.33,7.04,1656.34,0.4141
2026-01-03 03:00:00,Library,227.41,9.61,2184.59,0.5461
2026-01-03 03:15:00,Laboratory,237.05,10.23,2425.12,0.6063
2026-01-03 03:30:00,Hostel,241.49,9.33,2252.04,0.563
2026-01-03 03:45:00,Laboratory,228.19,8.05,1836.89,0.4592
2026-01-03 04:00:00,Library,227.77,10.51,2392.97,0.5982
2026-01-03 04:15:00,Library,237.27,11.33,2687.24,0.6718
2026-01-03 04:30:00,Laboratory,237.9,6.73,1600.77,0.4002
2026-01-03 04:45:00,Library,227.39,14.23,3236.33,0.8091
2026-01-03 05:00:00,Laboratory,227.9,9.7,2211.59,0.5529
2026-01-03 05:15:00,Computer Lab,228.59,10.06,2298.84,0.5747
2026-01-03 05:30:00,Laboratory,223.28,12.12,2707.16,0.6768
2026-01-03 05:45:00,Laboratory,225.41,10.7,2411.77,0.6029
2026-01-03 06:00:00,Library,224.98,12.86,2893.1,0.7233
2026-01-03 06:15:00,Library,226.16,10.86,2456.42,0.6141
2026-01-03 06:30:00,Academic Block,229.83,8.16,1876.0,0.469
2026-01-03 06:45:00,Academic Block,231.17,11.08,2562.42,0.6406
2026-01-03 07:00:00,Computer Lab,237.75,6.57,1561.75,0.3904
2026-01-03 07:15:00,Academic Block,225.01,10.33,2323.36,0.5808
2026-01-03 07:30:00,Laboratory,234.92,9.9,2325.8,0.5814
2026-01-03 07:45:00,Library,228.93,9.38,2146.37,0.5366
2026-01-03 08:00:00,Academic Block,229.75,9.61,2208.93,0.5522
2026-01-03 08:15:00,Academic Block,233.37,4.35,1016.22,0.2541
2026-01-03 08:30:00,Computer Lab,224.39,8.35,1874.48,0.4686
2026-01-03 08:45:00,Computer Lab,231.91,10.28,2383.72,0.5959
2026-01-03 09:00:00,Laboratory,230.83,10.48,2419.02,0.6048
2026-01-03 09:15:00,Library,232.46,6.92,1607.94,0.402
2026-01-03 09:30:00,Computer Lab,231.45,13.8,3193.29,0.7983
2026-01-03 09:45:00,Academic Block,242.28,7.4,1793.2,0.4483
2026-01-03 10:00:00,Library,226.81,12.91,2927.76,0.7319
2026-01-03 10:15:00,Library,227.35,11.28,2564.81,0.6412
2026-01-03 10:30:00,Academic Block,226.88,8.06,1828.99,0.4572
2026-01-03 10:45:00,Computer Lab,227.22,15.33,3482.4,0.8706
2026-01-03 11:00:00,Academic Block,226.81,6.42,1455.93,0.364
2026-01-03 11:15:00,Library,235.95,12.76,3010.06,0.7525
2026-01-03 11:30:00,Hostel,237.1,13.0,3082.75,0.7707
2026-01-03 11:45:00,Hostel,227.15,7.99,1814.48,0.4536
2026-01-03 12:00:00,Laboratory,225.84,14.18,3201.8,0.8004
2026-01-03 12:15:00,Academic Block,232.36,9.25,2149.27,0.5373
2026-01-03 12:30:00,Academic Block,227.24,10.87,2469.2,0.6173
2026-01-03 12:45:00,Laboratory,233.16,10.78,2513.74,0.6284
2026-01-03 13:00:00,Laboratory,231.01,9.6,2217.06,0.5543
2026-01-03 13:15:00,Laboratory,222.42,12.43,2765.24,0.6913
2026-01-03 13:30:00,Library,237.74,12.38,2943.3,0.7358
2026-01-03 13:45:00,Academic Block,238.98,4.75,1136.2,0.2841
2026-01-03 14:00:00,Library,226.94,13.91,3157.37,0.7893
2026-01-03 14:15:00,Laboratory,228.06,5.01,1143.16,0.2858
2026-01-03 14:30:00,Academic Block,231.43,13.1,3031.18,0.7578
2026-01-03 14:45:00,Library,231.67,13.38,3099.8,0.775
2026-01-03 15:00:00,Library,233.29,6.73,1569.38,0.3923
2026-01-03 15:15:00,Laboratory,240.05,8.77,2104.66,0.5262
2026-01-03 15:30:00,Academic Block,229.12,6.68,1531.15,0.3828
2026-01-03 15:45:00,Laboratory,226.01,9.36,2114.36,0.5286
2026-01-03 16:00:00,Academic Block,223.1,9.08,2024.86,0.5062
2026-01-03 16:15:00,Hostel,226.35,12.34,2792.87,0.6982
2026-01-03 16:30:00,Computer Lab,229.83,13.93,3201.81,0.8005
2026-01-03 16:45:00,Computer Lab,238.97,14.19,3390.32,0.8476
2026-01-03 17:00:00,Computer Lab,227.41,8.31,1890.59,0.4726
2026-01-03 17:15:00,Laboratory,231.12,9.37,2166.12,0.5415
2026-01-03 17:30:00,Hostel,229.92,4.95,1138.02,0.2845
2026-01-03 17:45:00,Academic Block,235.94,7.58,1789.0,0.4473
2026-01-03 18:00:00,Library,242.63,12.89,3128.67,0.7822
2026-01-03 18:15:00,Academic Block,227.35,14.85,3375.34,0.8438
2026-01-03 18:30:00,Library,227.55,6.3,1432.89,0.3582
2026-01-03 18:45:00,Academic Block,235.22,8.22,1934.13,0.4835
2026-01-03 19:00:00,Hostel,233.41,9.92,2315.6,0.5789
2026-01-03 19:15:00,Library,239.23,10.84,2593.41,0.6484
2026-01-03 19:30:00,Laboratory,232.92,7.57,1763.48,0.4409
2026-01-03 19:45:00,Academic Block,228.2,11.27,2572.35,0.6431
2026-01-03 20:00:00,Academic Block,232.95,8.58,1998.39,0.4996
2026-01-03 20:15:00,Library,235.54,9.96,2345.22,0.5863
2026-01-03 20:30:00,Laboratory,234.1,11.64,2724.68,0.6812
2026-01-03 20:45:00,Laboratory,232.54,10.02,2329.84,0.5825
2026-01-03 21:00:00,Hostel,235.33,8.69,2045.25,0.5113
2026-01-03 21:15:00,Laboratory,235.85,9.67,2280.91,0.5702
2026-01-03 21:30:00,Laboratory,236.91,9.73,2306.31,0.5766
2026-01-03 21:45:00,Laboratory,233.24,8.89,2073.53,0.5184
2026-01-03 22:00:00,Computer Lab,229.16,9.22,2113.72,0.5284
2026-01-03 22:15:00,Hostel,230.73,14.8,3413.92,0.8535
2026-01-03 22:30:00,Academic Block,236.03,11.68,2757.51,0.6894
2026-01-03 22:45:00,Library,225.92,9.11,2058.89,0.5147
2026-01-03 23:00:00,Academic Block,231.84,12.09,2803.19,0.7008
2026-01-03 23:15:00,Hostel,228.03,9.0,2051.97,0.513
2026-01-03 23:30:00,Library,230.14,13.52,3111.4,0.7778
2026-01-03 23:45:00,Hostel,236.39,11.11,2626.06,0.6565
2026-01-04 00:00:00,Laboratory,230.96,9.68,2235.21,0.5588
2026-01-04 00:15:00,Library,230.23,11.34,2611.56,0.6529
2026-01-04 00:30:00,Laboratory,223.2,5.29,1180.15,0.295
2026-01-04 00:45:00,Academic Block,233.73,6.62,1547.23,0.3868
2026-01-04 01:00:00,Academic Block,233.23,6.42,1496.91,0.3742
2026-01-04 01:15:00,Library,240.82,10.43,2511.43,0.6279
2026-01-04 01:30:00,Library,228.46,15.2,3472.05,0.868
2026-01-04 01:45:00,Hostel,231.1,16.69,3857.89,0.9645
2026-01-04 02:00:00,Hostel,231.25,11.91,2755.11,0.6888
2026-01-04 02:15:00,Laboratory,237.89,11.5,2736.31,0.6841
2026-01-04 02:30:00,Library,229.52,4.6,1055.08,0.2638
2026-01-04 02:45:00,Academic Block,231.4,8.37,1937.23,0.4843
2026-01-04 03:00:00,Hostel,233.04,7.64,1779.64,0.4449
2026-01-04 03:15:00,Hostel,230.93,8.14,1879.21,0.4698
2026-01-04 03:30:00,Academic Block,227.77,9.5,2162.79,0.5407
2026-01-04 03:45:00,Hostel,230.97,8.58,1982.59,0.4956
2026-01-04 04:00:00,Laboratory,235.37,4.06,956.09,0.239
2026-01-04 04:15:00,Library,224.87,12.24,2753.22,0.6883
2026-01-04 04:30:00,Academic Block,230.66,6.78,1564.32,0.3911
2026-01-04 04:45:00,Library,226.5,10.72,2427.56,0.6069
2026-01-04 05:00:00,Hostel,235.98,16.22,3828.05,0.957
2026-01-04 05:15:00,Hostel,222.38,7.24,1610.47,0.4026
2026-01-04 05:30:00,Academic Block,227.21,2.41,547.37,0.1368
2026-01-04 05:45:00,Laboratory,231.89,9.14,2119.9,0.53
2026-01-04 06:00:00,Computer Lab,237.83,13.3,3163.79,0.7909
2026-01-04 06:15:00,Academic Block,229.67,15.88,3646.04,0.9115
2026-01-04 06:30:00,Computer Lab,227.22,6.31,1434.09,0.3585
2026-01-04 06:45:00,Computer Lab,239.41,11.49,2750.8,0.6877
2026-01-04 07:00:00,Laboratory,222.76,8.6,1916.64,0.4792
2026-01-04 07:15:00,Computer Lab,219.01,9.68,2120.45,0.5301
2026-01-04 07:30:00,Computer Lab,232.2,17.93,4164.05,1.041
2026-01-04 07:45:00,Laboratory,227.49,5.49,1249.17,0.3123
2026-01-04 08:00:00,Computer Lab,224.89,10.76,2420.13,0.605
2026-01-04 08:15:00,Computer Lab,233.54,11.4,2663.1,0.6658
2026-01-04 08:30:00,Computer Lab,231.22,13.26,3065.35,0.7663
2026-01-04 08:45:00,Academic Block,227.18,10.29,2338.58,0.5846
2026-01-04 09:00:00,Academic Block,223.6,10.92,2442.62,0.6107
2026-01-04 09:15:00,Academic Block,234.36,8.83,2068.26,0.5171
2026-01-04 09:30:00,Laboratory,233.25,10.81,2520.83,0.6302
2026-01-04 09:45:00,Hostel,229.5,8.97,2058.75,0.5147
2026-01-04 10:00:00,Computer Lab,239.23,11.86,2838.43,0.7096
2026-01-04 10:15:00,Computer Lab,224.65,8.89,1997.4,0.4993
2026-01-04 10:30:00,Laboratory,222.37,11.13,2475.29,0.6188
2026-01-04 10:45:00,Computer Lab,226.54,9.91,2245.52,0.5614
2026-01-04 11:00:00,Academic Block,229.77,13.38,3073.93,0.7685
2026-01-04 11:15:00,Hostel,231.22,9.85,2276.52,0.5691
2026-01-04 11:30:00,Library,228.79,4.68,1070.96,0.2677
2026-01-04 11:45:00,Computer Lab,231.76,13.79,3194.99,0.7987
2026-01-04 12:00:00,Academic Block,223.74,7.28,1629.47,0.4074
2026-01-04 12:15:00,Library,237.22,8.04,1906.93,0.4767
2026-01-04 12:30:00,Hostel,229.59,8.21,1885.62,0.4714
2026-01-04 12:45:00,Library,235.59,14.12,3327.26,0.8318
2026-01-04 13:00:00,Academic Block,231.71,3.59,832.54,0.2081
2026-01-04 13:15:00,Library,232.28,19.41,4509.38,1.1273
2026-01-04 13:30:00,Laboratory,232.85,13.17,3066.19,0.7665
2026-01-04 13:45:00,Library,232.24,10.67,2477.92,0.6195
2026-01-04 14:00:00,Computer Lab,233.21,9.84,2293.73,0.5734
2026-01-04 14:15:00,Computer Lab,236.65,10.86,2569.18,0.6423
2026-01-04 14:30:00,Laboratory,230.98,11.56,2670.94,0.6677
2026-01-04 14:45:00,Academic Block,233.55,11.94,2787.51,0.6969
2026-01-04 15:00:00,Computer Lab,229.55,11.67,2678.13,0.6695
2026-01-04 15:15:00,Hostel,237.2,10.27,2435.75,0.6089
2026-01-04 15:30:00,Computer Lab,226.62,9.41,2132.02,0.533
2026-01-04 15:45:00,Computer Lab,239.0,9.55,2281.58,0.5704
2026-01-04 16:00:00,Academic Block,229.8,9.42,2163.62,0.5409
2026-01-04 16:15:00,Library,222.85,13.4,2986.43,0.7466
2026-01-04 16:30:00,Computer Lab,230.64,11.78,2717.1,0.6793
2026-01-04 16:45:00,Laboratory,226.59,1.18,267.12,0.0668
2026-01-04 17:00:00,Library,234.2,11.97,2802.87,0.7007
2026-01-04 17:15:00,Hostel,226.74,10.58,2399.83,0.6
2026-01-04 17:30:00,Academic Block,227.77,9.94,2264.91,0.5662
2026-01-04 17:45:00,Hostel,220.55,8.83,1948.46,0.4871
2026-01-04 18:00:00,Library,227.74,13.37,3045.4,0.7613
2026-01-04 18:15:00,Library,217.88,12.84,2798.15,0.6995
2026-01-04 18:30:00,Library,222.08,7.68,1705.88,0.4265
2026-01-04 18:45:00,Hostel,233.8,11.22,2623.53,0.6559
2026-01-04 19:00:00,Library,233.93,7.09,1657.39,0.4143
2026-01-04 19:15:00,Hostel,232.13,5.86,1360.53,0.3401
2026-01-04 19:30:00,Library,225.17,8.12,1828.31,0.4571
2026-01-04 19:45:00,Laboratory,229.76,12.59,2892.05,0.723
2026-01-04 20:00:00,Library,229.98,12.86,2957.42,0.7394
2026-01-04 20:15:00,Hostel,224.21,11.54,2587.2,0.6468
2026-01-04 20:30:00,Computer Lab,237.52,12.18,2891.84,0.723
2026-01-04 20:45:00,Library,234.39,11.55,2706.82,0.6767
2026-01-04 21:00:00,Computer Lab,228.9,8.08,1848.46,0.4621
2026-01-04 21:15:00,Laboratory,230.13,11.3,2599.55,0.6499
2026-01-04 21:30:00,Academic Block,231.04,12.4,2865.2,0.7163
2026-01-04 21:45:00,Laboratory,219.79,12.26,2695.27,0.6738
2026-01-04 22:00:00,Library,228.76,13.57,3103.58,0.7759
2026-01-04 22:15:00,Computer Lab,226.59,12.12,2747.38,0.6868
2026-01-04 22:30:00,Computer Lab,224.99,11.05,2487.14,0.6218
2026-01-04 22:45:00,Hostel,228.59,13.21,3019.84,0.755
2026-01-04 23:00:00,Computer Lab,238.99,9.92,2370.87,0.5927
2026-01-04 23:15:00,Hostel,233.2,7.35,1715.07,0.4288
2026-01-04 23:30:00,Academic Block,227.14,9.51,2160.32,0.5401
2026-01-04 23:45:00,Library,232.86,7.77,1808.25,0.4521
2026-01-05 00:00:00,Hostel,237.0,7.97,1889.92,0.4725
2026-01-05 00:15:00,Academic Block,234.62,9.57,2244.51,0.5611
2026-01-05 00:30:00,Computer Lab,230.3,7.62,1755.5,0.4389
2026-01-05 00:45:00,Computer Lab,226.77,9.08,2058.15,0.5145
2026-01-05 01:00:00,Academic Block,233.49,4.32,1008.48,0.2521
2026-01-05 01:15:00,Computer Lab,231.97,10.64,2468.11,0.617
2026-01-05 01:30:00,Academic Block,234.48,10.0,2345.61,0.5864
2026-01-05 01:45:00,Hostel,233.18,7.55,1760.18,0.44
2026-01-05 02:00:00,Hostel,235.25,11.98,2817.74,0.7044
2026-01-05 02:15:00,Academic Block,227.32,12.81,2912.63,0.7282
2026-01-05 02:30:00,Hostel,236.59,5.18,1224.89,0.3062
2026-01-05 02:45:00,Hostel,230.99,7.71,1781.34,0.4453
2026-01-05 03:00:00,Hostel,240.38,7.69,1849.11,0.4623
2026-01-05 03:15:00,Laboratory,226.55,7.18,1626.72,0.4067
2026-01-05 03:30:00,Library,238.68,12.49,2980.73,0.7452
2026-01-05 03:45:00,Computer Lab,230.99,9.42,2175.58,0.5439
2026-01-05 04:00:00,Laboratory,226.74,9.21,2087.5,0.5219
2026-01-05 04:15:00,Hostel,227.58,3.99,907.69,0.2269
2026-01-05 04:30:00,Academic Block,228.4,11.91,2719.37,0.6798
2026-01-05 04:45:00,Hostel,232.12,6.28,1458.24,0.3646
2026-01-05 05:00:00,Library,232.61,10.18,2367.97,0.592
2026-01-05 05:15:00,Hostel,227.13,10.83,2460.32,0.6151
2026-01-05 05:30:00,Academic Block,229.88,14.08,3237.14,0.8093
2026-01-05 05:45:00,Library,240.71,6.07,1461.97,0.3655
2026-01-05 06:00:00,Hostel,238.64,0.94,224.67,0.0562
2026-01-05 06:15:00,Library,232.18,10.55,2449.88,0.6125
2026-01-05 06:30:00,Computer Lab,230.19,15.4,3545.28,0.8863
2026-01-05 06:45:00,Computer Lab,230.6,13.72,3163.11,0.7908
2026-01-05 07:00:00,Hostel,233.07,10.63,2477.27,0.6193
2026-01-05 07:15:00,Library,224.89,8.53,1917.17,0.4793
2026-01-05 07:30:00,Academic Block,228.71,12.42,2840.93,0.7102
2026-01-05 07:45:00,Hostel,221.66,7.08,1569.19,0.3923
2026-01-05 08:00:00,Computer Lab,232.0,11.43,2651.5,0.6629
2026-01-05 08:15:00,Computer Lab,233.24,11.52,2686.04,0.6715
2026-01-05 08:30:00,Hostel,227.58,13.18,2999.7,0.7499
2026-01-05 08:45:00,Library,237.87,18.28,4348.02,1.087
2026-01-05 09:00:00,Computer Lab,223.87,11.18,2502.26,0.6256
2026-01-05 09:15:00,Library,222.68,8.47,1886.78,0.4717
2026-01-05 09:30:00,Computer Lab,231.12,9.92,2293.49,0.5734
2026-01-05 09:45:00,Computer Lab,235.24,4.69,1103.91,0.276
2026-01-05 10:00:00,Laboratory,238.42,7.92,1887.3,0.4718
2026-01-05 10:15:00,Computer Lab,227.71,8.77,1997.47,0.4994
2026-01-05 10:30:00,Academic Block,235.39,8.43,1983.83,0.496
2026-01-05 10:45:00,Hostel,229.81,10.46,2403.11,0.6008
2026-01-05 11:00:00,Hostel,229.14,7.53,1726.03,0.4315
2026-01-05 11:15:00,Library,234.42,13.36,3132.55,0.7831
2026-01-05 11:30:00,Computer Lab,233.26,10.0,2332.76,0.5832
2026-01-05 11:45:00,Academic Block,222.12,9.97,2214.98,0.5537
2026-01-05 12:00:00,Library,237.38,9.02,2140.32,0.5351
2026-01-05 12:15:00,Laboratory,236.9,10.47,2479.3,0.6198
2026-01-05 12:30:00,Library,226.87,12.48,2830.3,0.7076
2026-01-05 12:45:00,Library,231.98,7.4,1716.32,0.4291
2026-01-05 13:00:00,Computer Lab,232.47,8.03,1865.72,0.4664
2026-01-05 13:15:00,Laboratory,231.3,9.09,2102.28,0.5256
2026-01-05 13:30:00,Library,227.25,5.96,1354.94,0.3387
2026-01-05 13:45:00,Academic Block,226.64,7.54,1709.38,0.4273
2026-01-05 14:00:00,Academic Block,229.87,8.57,1970.31,0.4926
2026-01-05 14:15:00,Hostel,235.86,12.62,2977.35,0.7443
2026-01-05 14:30:00,Laboratory,232.72,10.79,2510.49,0.6276
2026-01-05 14:45:00,Laboratory,228.15,10.58,2413.97,0.6035
2026-01-05 15:00:00,Hostel,233.86,12.55,2935.55,0.7339
2026-01-05 15:15:00,Library,215.76,9.59,2068.66,0.5172
2026-01-05 15:30:00,Laboratory,235.74,11.17,2633.59,0.6584
2026-01-05 15:45:00,Academic Block,221.3,9.69,2144.48,0.5361
2026-01-05 16:00:00,Academic Block,228.19,10.8,2463.54,0.6159
2026-01-05 16:15:00,Computer Lab,224.4,8.25,1851.7,0.4629
2026-01-05 16:30:00,Laboratory,223.53,2.68,599.84,0.15
2026-01-05 16:45:00,Library,235.8,9.6,2263.05,0.5658
2026-01-05 17:00:00,Hostel,227.66,14.27,3248.33,0.8121
2026-01-05 17:15:00,Hostel,231.73,12.78,2961.23,0.7403
2026-01-05 17:30:00,Library,229.77,12.9,2963.1,0.7408
2026-01-05 17:45:00,Computer Lab,232.39,13.71,3185.63,0.7964
2026-01-05 18:00:00,Hostel,230.38,10.27,2365.12,0.5913
2026-01-05 18:15:00,Laboratory,223.59,10.59,2368.2,0.5921
2026-01-05 18:30:00,Computer Lab,234.98,8.15,1914.4,0.4786
2026-01-05 18:45:00,Laboratory,227.53,9.05,2059.56,0.5149
2026-01-05 19:00:00,Academic Block,222.22,11.85,2632.68,0.6582
2026-01-05 19:15:00,Computer Lab,227.86,13.61,3101.54,0.7754
2026-01-05 19:30:00,Hostel,237.5,9.58,2275.68,0.5689
2026-01-05 19:45:00,Computer Lab,234.25,8.65,2026.14,0.5065
2026-01-05 20:00:00,Computer Lab,228.26,10.0,2282.93,0.5707
2026-01-05 20:15:00,Computer Lab,228.25,11.8,2694.22,0.6736
2026-01-05 20:30:00,Computer Lab,228.39,5.67,1294.62,0.3237
2026-01-05 20:45:00,Laboratory,240.38,3.11,747.94,0.187
2026-01-05 21:00:00,Academic Block,231.91,8.35,1936.07,0.484
2026-01-05 21:15:00,Library,232.15,6.34,1471.34,0.3678
2026-01-05 21:30:00,Computer Lab,235.15,8.48,1993.04,0.4983
2026-01-05 21:45:00,Hostel,231.19,9.56,2209.44,0.5524
2026-01-05 22:00:00,Computer Lab,228.7,8.64,1976.07,0.494
2026-01-05 22:15:00,Hostel,229.02,14.36,3288.11,0.822
2026-01-05 22:30:00,Laboratory,229.64,10.98,2521.52,0.6304
2026-01-05 22:45:00,Hostel,229.81,10.9,2505.3,0.6263
2026-01-05 23:00:00,Library,233.64,11.87,2772.5,0.6931
2026-01-05 23:15:00,Academic Block,230.26,6.58,1515.92,0.379
2026-01-05 23:30:00,Hostel,233.66,13.12,3065.04,0.7663
2026-01-05 23:45:00,Hostel,229.6,9.77,2243.78,0.5609
2026-01-06 00:00:00,Academic Block,230.39,12.01,2767.35,0.6918
2026-01-06 00:15:00,Library,220.01,6.78,1492.64,0.3732
2026-01-06 00:30:00,Computer Lab,234.58,5.34,1252.37,0.3131
2026-01-06 00:45:00,Hostel,231.73,12.45,2885.92,0.7215
2026-01-06 01:00:00,Academic Block,234.99,11.13,2615.26,0.6538
2026-01-06 01:15:00,Laboratory,215.52,7.29,1571.96,0.393
2026-01-06 01:30:00,Academic Block,240.44,7.39,1777.11,0.4443
2026-01-06 01:45:00,Laboratory,229.3,13.38,3067.21,0.7668
2026-01-06 02:00:00,Library,235.54,6.43,1514.94,0.3787
2026-01-06 02:15:00,Computer Lab,224.8,14.93,3355.83,0.839
2026-01-06 02:30:00,Academic Block,233.06,7.3,1700.93,0.4252
2026-01-06 02:45:00,Hostel,224.73,11.92,2677.73,0.6694
2026-01-06 03:00:00,Library,226.88,9.01,2045.14,0.5113
2026-01-06 03:15:00,Academic Block,239.57,11.81,2829.22,0.7073
2026-01-06 03:30:00,Hostel,229.05,8.37,1916.58,0.4791
2026-01-06 03:45:00,Academic Block,231.09,9.51,2198.01,0.5495
2026-01-06 04:00:00,Laboratory,234.35,10.12,2372.27,0.5931
2026-01-06 04:15:00,Academic Block,232.48,6.99,1625.82,0.4065
2026-01-06 04:30:00,Academic Block,230.75,12.22,2820.36,0.7051
2026-01-06 04:45:00,Academic Block,231.82,8.46,1961.32,0.4903
2026-01-06 05:00:00,Library,242.02,9.31,2254.2,0.5635
2026-01-06 05:15:00,Academic Block,229.71,7.02,1611.88,0.403
2026-01-06 05:30:00,Hostel,231.01,2.31,534.32,0.1336
2026-01-06 05:45:00,Laboratory,235.25,9.43,2217.71,0.5544
2026-01-06 06:00:00,Laboratory,235.53,17.24,4059.99,1.015
2026-01-06 06:15:00,Academic Block,235.94,12.35,2914.7,0.7287
2026-01-06 06:30:00,Library,233.19,9.94,2318.46,0.5796
2026-01-06 06:45:00,Library,224.28,9.21,2065.96,0.5165
2026-01-06 07:00:00,Hostel,238.17,10.07,2397.72,0.5994
2026-01-06 07:15:00,Academic Block,224.27,11.64,2610.79,0.6527
2026-01-06 07:30:00,Laboratory,231.51,6.46,1495.01,0.3738
2026-01-06 07:45:00,Library,226.23,13.34,3018.56,0.7546
2026-01-06 08:00:00,Academic Block,229.68,12.15,2789.72,0.6974
2026-01-06 08:15:00,Library,231.64,12.15,2815.53,0.7039
2026-01-06 08:30:00,Library,231.61,11.32,2620.73,0.6552
2026-01-06 08:45:00,Laboratory,232.11,10.06,2334.76,0.5837
2026-01-06 09:00:00,Computer Lab,238.07,12.02,2861.25,0.7153
2026-01-06 09:15:00,Hostel,232.27,11.78,2735.05,0.6838
2026-01-06 09:30:00,Hostel,228.78,8.94,2044.8,0.5112
2026-01-06 09:45:00,Laboratory,234.82,8.28,1944.12,0.486
2026-01-06 10:00:00,Library,235.95,10.31,2431.57,0.6079
2026-01-06 10:15:00,Academic Block,223.86,14.65,3278.92,0.8197
2026-01-06 10:30:00,Library,232.99,6.28,1463.78,0.3659
2026-01-06 10:45:00,Laboratory,233.51,5.6,1307.03,0.3268
2026-01-06 11:00:00,Hostel,228.51,10.49,2398.07,0.5995
2026-01-06 11:15:00,Library,236.88,10.15,2404.95,0.6012
2026-01-06 11:30:00,Hostel,229.25,10.52,2411.71,0.6029
2026-01-06 11:45:00,Academic Block,230.63,10.73,2475.07,0.6188
2026-01-06 12:00:00,Hostel,229.13,9.33,2137.92,0.5345
2026-01-06 12:15:00,Hostel,230.08,14.47,3329.13,0.8323
2026-01-06 12:30:00,Computer Lab,224.52,5.2,1166.89,0.2917
2026-01-06 12:45:00,Computer Lab,222.8,7.51,1674.23,0.4186
2026-01-06 13:00:00,Computer Lab,237.97,9.69,2306.01,0.5765
2026-01-06 13:15:00,Hostel,225.77,5.07,1144.73,0.2862
2026-01-06 13:30:00,Laboratory,225.04,9.47,2131.71,0.5329
2026-01-06 13:45:00,Hostel,219.23,14.98,3285.08,0.8213
2026-01-06 14:00:00,Laboratory,226.81,10.06,2282.26,0.5706
2026-01-06 14:15:00,Laboratory,223.38,10.69,2388.45,0.5971
2026-01-06 14:30:00,Computer Lab,238.21,6.22,1481.55,0.3704
2026-01-06 14:45:00,Library,235.05,8.15,1915.87,0.479
2026-01-06 15:00:00,Academic Block,226.56,8.87,2010.58,0.5026
2026-01-06 15:15:00,Computer Lab,241.26,9.05,2182.66,0.5457
2026-01-06 15:30:00,Computer Lab,234.91,13.84,3252.3,0.8131
2026-01-06 15:45:00,Library,228.38,11.67,2665.85,0.6665
2026-01-06 16:00:00,Academic Block,217.5,6.67,1449.79,0.3624
2026-01-06 16:15:00,Hostel,241.45,10.74,2593.11,0.6483
2026-01-06 16:30:00,Hostel,223.05,11.49,2563.91,0.641
2026-01-06 16:45:00,Computer Lab,221.77,13.42,2976.29,0.7441
2026-01-06 17:00:00,Academic Block,235.11,14.74,3465.94,0.8665
2026-01-06 17:15:00,Computer Lab,242.2,6.95,1684.42,0.4211
2026-01-06 17:30:00,Laboratory,236.92,7.57,1792.89,0.4482
2026-01-06 17:45:00,Computer Lab,232.82,6.23,1449.83,0.3625
2026-01-06 18:00:00,Computer Lab,232.97,9.3,2166.18,0.5415
2026-01-06 18:15:00,Hostel,234.27,11.4,2670.43,0.6676
2026-01-06 18:30:00,Hostel,233.79,12.96,3030.45,0.7576
2026-01-06 18:45:00,Hostel,231.41,9.77,2261.33,0.5653
2026-01-06 19:00:00,Laboratory,230.52,9.04,2084.02,0.521
2026-01-06 19:15:00,Hostel,229.69,10.46,2401.44,0.6004
2026-01-06 19:30:00,Academic Block,226.23,7.49,1695.5,0.4239
2026-01-06 19:45:00,Library,228.6,16.27,3718.95,0.9297
2026-01-06 20:00:00,Academic Block,221.54,5.18,1146.89,0.2867
2026-01-06 20:15:00,Academic Block,229.51,10.55,2422.28,0.6056
2026-01-06 20:30:00,Hostel,225.06,16.07,3616.85,0.9042
2026-01-06 20:45:00,Library,224.48,10.02,2249.4,0.5623
2026-01-06 21:00:00,Library,230.9,9.43,2177.35,0.5443
2026-01-06 21:15:00,Library,236.96,8.93,2115.5,0.5289
2026-01-06 21:30:00,Laboratory,234.59,9.46,2218.96,0.5547
2026-01-06 21:45:00,Hostel,222.15,14.12,3136.4,0.7841
2026-01-06 22:00:00,Library,225.05,3.36,757.17,0.1893
2026-01-06 22:15:00,Laboratory,234.7,14.6,3426.75,0.8567
2026-01-06 22:30:00,Computer Lab,225.09,5.73,1289.33,0.3223
2026-01-06 22:45:00,Computer Lab,228.88,9.2,2105.68,0.5264
2026-01-06 23:00:00,Laboratory,232.75,8.71,2027.78,0.5069
2026-01-06 23:15:00,Laboratory,225.16,11.77,2649.14,0.6623
2026-01-06 23:30:00,Hostel,230.53,5.21,1200.04,0.3
2026-01-06 23:45:00,Hostel,223.33,11.39,2542.95,0.6357
2026-01-07 00:00:00,Computer Lab,226.99,16.07,3648.44,0.9121
2026-01-07 00:15:00,Library,231.6,5.91,1368.86,0.3422
2026-01-07 00:30:00,Computer Lab,222.04,10.57,2346.71,0.5867
2026-01-07 00:45:00,Library,232.2,8.01,1860.88,0.4652
2026-01-07 01:00:00,Library,229.9,11.28,2592.75,0.6482
2026-01-07 01:15:00,Hostel,232.76,10.06,2341.0,0.5852
2026-01-07 01:30:00,Academic Block,231.12,8.08,1866.42,0.4666
2026-01-07 01:45:00,Academic Block,236.82,11.46,2714.82,0.6787
2026-01-07 02:00:00,Laboratory,230.63,15.41,3554.65,0.8887
2026-01-07 02:15:00,Hostel,227.85,9.43,2148.04,0.537
2026-01-07 02:30:00,Library,230.61,12.16,2804.07,0.701
2026-01-07 02:45:00,Academic Block,232.72,6.12,1424.27,0.3561
2026-01-07 03:00:00,Library,230.24,7.13,1641.8,0.4105
2026-01-07 03:15:00,Academic Block,230.2,11.42,2628.28,0.6571
2026-01-07 03:30:00,Academic Block,226.49,14.45,3273.31,0.8183
2026-01-07 03:45:00,Academic Block,226.69,11.07,2508.69,0.6272
2026-01-07 04:00:00,Hostel,222.99,9.06,2020.45,0.5051
2026-01-07 04:15:00,Computer Lab,238.75,10.0,2386.97,0.5967
2026-01-07 04:30:00,Library,223.78,6.25,1398.36,0.3496
2026-01-07 04:45:00,Hostel,226.54,11.81,2676.19,0.669
2026-01-07 05:00:00,Hostel,226.41,12.65,2863.38,0.7158
2026-01-07 05:15:00,Hostel,234.47,8.64,2026.74,0.5067
2026-01-07 05:30:00,Hostel,228.53,8.59,1963.0,0.4908
2026-01-07 05:45:00,Hostel,236.24,10.8,2550.82,0.6377
2026-01-07 06:00:00,Laboratory,226.63,8.69,1969.4,0.4924
2026-01-07 06:15:00,Library,231.39,9.8,2268.04,0.567
2026-01-07 06:30:00,Hostel,225.82,16.3,3680.73,0.9202
2026-01-07 06:45:00,Library,240.73,9.26,2228.86,0.5572
2026-01-07 07:00:00,Laboratory,224.06,8.92,1999.75,0.4999
2026-01-07 07:15:00,Laboratory,231.55,8.06,1865.68,0.4664
2026-01-07 07:30:00,Library,233.17,12.23,2852.26,0.7131
2026-01-07 07:45:00,Academic Block,232.07,9.46,2194.52,0.5486
2026-01-07 08:00:00,Computer Lab,229.07,8.05,1844.47,0.4611
2026-01-07 08:15:00,Academic Block,229.35,13.96,3202.64,0.8007
2026-01-07 08:30:00,Academic Block,230.22,14.26,3282.65,0.8207
2026-01-07 08:45:00,Academic Block,229.26,8.2,1879.68,0.4699
2026-01-07 09:00:00,Hostel,234.82,4.4,1033.29,0.2583
2026-01-07 09:15:00,Laboratory,241.05,13.02,3139.12,0.7848
2026-01-07 09:30:00,Academic Block,227.21,7.95,1805.46,0.4514
2026-01-07 09:45:00,Laboratory,223.15,12.37,2760.8,0.6902
2026-01-07 10:00:00,Library,229.56,4.09,938.82,0.2347
2026-01-07 10:15:00,Computer Lab,242.9,12.68,3079.42,0.7699
2026-01-07 10:30:00,Library,225.98,6.37,1438.71,0.3597
2026-01-07 10:45:00,Library,238.2,12.19,2904.15,0.726
2026-01-07 11:00:00,Hostel,238.39,10.04,2394.09,0.5985
2026-01-07 11:15:00,Computer Lab,227.23,7.14,1622.02,0.4055
2026-01-07 11:30:00,Library,232.84,8.78,2044.12,0.511
2026-01-07 11:45:00,Library,238.14,12.06,2871.74,0.7179
2026-01-07 12:00:00,Computer Lab,228.1,10.32,2353.51,0.5884
2026-01-07 12:15:00,Computer Lab,228.98,11.75,2691.28,0.6728
2026-01-07 12:30:00,Library,227.09,15.93,3617.42,0.9044
2026-01-07 12:45:00,Computer Lab,224.93,5.31,1193.75,0.2984
2026-01-07 13:00:00,Library,226.75,14.85,3367.66,0.8419
2026-01-07 13:15:00,Library,223.88,10.31,2308.89,0.5772
2026-01-07 13:30:00,Hostel,230.17,7.3,1681.08,0.4203
2026-01-07 13:45:00,Academic Block,226.15,6.01,1358.95,0.3397
2026-01-07 14:00:00,Library,231.17,9.43,2180.53,0.5451
2026-01-07 14:15:00,Laboratory,222.22,12.76,2836.63,0.7092
2026-01-07 14:30:00,Academic Block,231.65,9.62,2227.9,0.557
2026-01-07 14:45:00,Academic Block,234.17,14.53,3403.27,0.8508
2026-01-07 15:00:00,Academic Block,220.03,5.65,1242.4,0.3106
2026-01-07 15:15:00,Hostel,231.87,9.96,2310.29,0.5776
2026-01-07 15:30:00,Library,236.14,6.24,1474.17,0.3685
2026-01-07 15:45:00,Hostel,223.95,11.09,2483.83,0.621
2026-01-07 16:00:00,Library,238.36,12.66,3017.83,0.7545
2026-01-07 16:15:00,Hostel,232.1,8.74,2027.98,0.507
2026-01-07 16:30:00,Hostel,226.47,2.19,495.38,0.1238
2026-01-07 16:45:00,Laboratory,229.72,10.6,2434.32,0.6086
2026-01-07 17:00:00,Hostel,232.79,11.31,2632.92,0.6582
2026-01-07 17:15:00,Computer Lab,230.38,11.21,2583.22,0.6458
2026-01-07 17:30:00,Laboratory,232.69,13.71,3189.61,0.7974
2026-01-07 17:45:00,Hostel,225.4,6.79,1529.73,0.3824
2026-01-07 18:00:00,Academic Block,230.85,12.04,2779.55,0.6949
2026-01-07 18:15:00,Computer Lab,222.93,13.58,3026.86,0.7567
2026-01-07 18:30:00,Computer Lab,229.44,4.66,1070.18,0.2675
2026-01-07 18:45:00,Computer Lab,225.48,10.96,2471.03,0.6178
2026-01-07 19:00:00,Laboratory,226.32,8.49,1920.9,0.4802
2026-01-07 19:15:00,Hostel,236.18,9.76,2304.04,0.576
2026-01-07 19:30:00,Hostel,235.46,11.04,2600.15,0.65
2026-01-07 19:45:00,Academic Block,233.05,8.54,1989.82,0.4975
2026-01-07 20:00:00,Academic Block,224.54,7.97,1790.22,0.4476
2026-01-07 20:15:00,Computer Lab,228.42,10.1,2307.58,0.5769
2026-01-07 20:30:00,Academic Block,236.07,6.74,1590.67,0.3977
2026-01-07 20:45:00,Laboratory,230.71,6.74,1555.56,0.3889
2026-01-07 21:00:00,Hostel,241.6,12.04,2908.37,0.7271
2026-01-07 21:15:00,Computer Lab,231.97,6.55,1520.22,0.3801
2026-01-07 21:30:00,Academic Block,230.96,12.0,2771.28,0.6928
2026-01-07 21:45:00,Laboratory,228.45,11.39,2601.59,0.6504
2026-01-07 22:00:00,Laboratory,230.67,4.82,1112.41,0.2781
2026-01-07 22:15:00,Academic Block,229.24,7.97,1826.41,0.4566
2026-01-07 22:30:00,Hostel,233.54,13.58,3172.02,0.793
2026-01-07 22:45:00,Academic Block,234.78,7.06,1656.75,0.4142
2026-01-07 23:00:00,Computer Lab,226.07,8.61,1945.74,0.4864
2026-01-07 23:15:00,Academic Block,223.34,11.39,2543.03,0.6358
2026-01-07 23:30:00,Laboratory,220.82,12.35,2727.15,0.6818
2026-01-07 23:45:00,Academic Block,232.54,9.25,2149.92,0.5375
2026-01-08 00:00:00,Hostel,224.48,8.21,1842.44,0.4606
2026-01-08 00:15:00,Library,219.24,14.27,3127.86,0.782
2026-01-08 00:30:00,Academic Block,231.94,15.22,3529.41,0.8824
2026-01-08 00:45:00,Hostel,242.46,12.94,3136.67,0.7842
2026-01-08 01:00:00,Hostel,229.97,10.26,2358.56,0.5896
2026-01-08 01:15:00,Laboratory,234.19,7.58,1774.06,0.4435
2026-01-08 01:30:00,Hostel,230.41,7.51,1730.07,0.4325
2026-01-08 01:45:00,Hostel,229.51,11.57,2654.82,0.6637
2026-01-08 02:00:00,Hostel,234.6,11.26,2640.42,0.6601
2026-01-08 02:15:00,Hostel,228.55,14.2,3246.49,0.8116
2026-01-08 02:30:00,Computer Lab,231.34,11.95,2764.79,0.6912
2026-01-08 02:45:00,Computer Lab,231.61,5.49,1271.71,0.3179
2026-01-08 03:00:00,Laboratory,226.66,13.16,2981.9,0.7455
2026-01-08 03:15:00,Academic Block,234.96,7.01,1646.09,0.4115
2026-01-08 03:30:00,Hostel,229.13,8.85,2027.32,0.5068
2026-01-08 03:45:00,Academic Block,226.22,10.75,2432.01,0.608
2026-01-08 04:00:00,Academic Block,232.68,15.99,3719.9,0.93
2026-01-08 04:15:00,Laboratory,225.51,19.33,4359.01,1.0898
2026-01-08 04:30:00,Hostel,230.14,11.82,2720.3,0.6801
2026-01-08 04:45:00,Hostel,229.95,9.45,2173.16,0.5433
2026-01-08 05:00:00,Library,235.43,11.6,2731.81,0.683
2026-01-08 05:15:00,Academic Block,232.37,12.66,2942.54,0.7356
2026-01-08 05:30:00,Academic Block,229.87,9.04,2077.61,0.5194
2026-01-08 05:45:00,Computer Lab,234.09,15.39,3601.61,0.9004
2026-01-08 06:00:00,Library,236.95,10.69,2533.06,0.6333
2026-01-08 06:15:00,Computer Lab,232.79,11.49,2675.5,0.6689
2026-01-08 06:30:00,Computer Lab,230.05,12.0,2760.11,0.69
2026-01-08 06:45:00,Computer Lab,223.44,11.26,2517.01,0.6293
2026-01-08 07:00:00,Laboratory,224.67,12.52,2812.21,0.7031
2026-01-08 07:15:00,Laboratory,228.47,8.15,1861.66,0.4654
2026-01-08 07:30:00,Computer Lab,226.95,8.33,1889.4,0.4724
2026-01-08 07:45:00,Library,229.07,6.7,1534.63,0.3837
2026-01-08 08:00:00,Academic Block,230.28,11.32,2606.46,0.6516
2026-01-08 08:15:00,Library,232.65,12.34,2870.14,0.7175
2026-01-08 08:30:00,Hostel,229.65,11.37,2611.85,0.653
2026-01-08 08:45:00,Laboratory,232.43,15.02,3491.94,0.873
2026-01-08 09:00:00,Academic Block,230.32,9.98,2299.36,0.5748
2026-01-08 09:15:00,Academic Block,220.12,12.01,2642.84,0.6607
2026-01-08 09:30:00,Hostel,225.3,6.72,1515.14,0.3788
2026-01-08 09:45:00,Hostel,229.28,8.84,2026.53,0.5066
2026-01-08 10:00:00,Computer Lab,223.95,12.09,2706.82,0.6767
2026-01-08 10:15:00,Laboratory,233.0,12.55,2923.52,0.7309
2026-01-08 10:30:00,Laboratory,237.65,9.12,2166.95,0.5417
2026-01-08 10:45:00,Library,236.09,9.79,2310.23,0.5776
2026-01-08 11:00:00,Computer Lab,228.93,5.45,1246.85,0.3117
2026-01-08 11:15:00,Computer Lab,237.45,8.93,2120.2,0.5301
2026-01-08 11:30:00,Computer Lab,230.74,12.67,2923.78,0.7309
2026-01-08 11:45:00,Computer Lab,228.31,11.73,2677.13,0.6693
2026-01-08 12:00:00,Laboratory,226.93,11.5,2610.18,0.6525
2026-01-08 12:15:00,Laboratory,228.49,10.15,2318.99,0.5797
2026-01-08 12:30:00,Computer Lab,228.06,10.02,2285.42,0.5714
2026-01-08 12:45:00,Library,230.85,8.02,1851.21,0.4628
2026-01-08 13:00:00,Academic Block,230.8,12.1,2791.9,0.698
2026-01-08 13:15:00,Academic Block,230.02,11.26,2590.64,0.6477
2026-01-08 13:30:00,Library,232.18,11.48,2664.56,0.6661
2026-01-08 13:45:00,Computer Lab,235.95,8.42,1987.17,0.4968
2026-01-08 14:00:00,Laboratory,234.75,3.54,831.0,0.2078
2026-01-08 14:15:00,Academic Block,222.58,13.29,2958.35,0.7396
2026-01-08 14:30:00,Hostel,217.23,8.56,1860.25,0.4651
2026-01-08 14:45:00,Hostel,234.67,7.41,1739.31,0.4348
2026-01-08 15:00:00,Library,223.17,12.08,2695.94,0.674
2026-01-08 15:15:00,Computer Lab,228.88,8.82,2019.59,0.5049
2026-01-08 15:30:00,Academic Block,224.15,13.18,2954.25,0.7386
2026-01-08 15:45:00,Computer Lab,220.99,11.85,2618.96,0.6547
2026-01-08 16:00:00,Academic Block,232.71,12.05,2804.29,0.7011
2026-01-08 16:15:00,Library,233.8,5.9,1379.89,0.345
2026-01-08 16:30:00,Library,227.12,13.64,3096.94,0.7742
2026-01-08 16:45:00,Hostel,217.04,10.78,2340.56,0.5851
2026-01-08 17:00:00,Computer Lab,227.27,8.89,2020.91,0.5052
2026-01-08 17:15:00,Hostel,231.96,10.43,2419.37,0.6048
2026-01-08 17:30:00,Computer Lab,222.61,4.67,1039.86,0.26
2026-01-08 17:45:00,Hostel,230.92,11.23,2592.26,0.6481
2026-01-08 18:00:00,Laboratory,229.92,6.91,1589.2,0.3973
2026-01-08 18:15:00,Laboratory,232.9,5.94,1383.87,0.346
2026-01-08 18:30:00,Laboratory,230.6,5.43,1252.82,0.3132
2026-01-08 18:45:00,Laboratory,225.13,13.34,3002.86,0.7507
2026-01-08 19:00:00,Academic Block,235.98,8.11,1914.34,0.4786
2026-01-08 19:15:00,Laboratory,229.21,14.6,3346.7,0.8367
2026-01-08 19:30:00,Library,229.86,8.39,1929.15,0.4823
2026-01-08 19:45:00,Library,225.33,4.88,1099.16,0.2748
2026-01-08 20:00:00,Academic Block,227.78,6.65,1514.86,0.3787
2026-01-08 20:15:00,Laboratory,225.58,13.71,3092.07,0.773
2026-01-08 20:30:00,Laboratory,229.14,9.53,2184.19,0.546
2026-01-08 20:45:00,Laboratory,238.56,8.36,1993.19,0.4983
2026-01-08 21:00:00,Hostel,223.14,10.48,2338.52,0.5846
2026-01-08 21:15:00,Computer Lab,221.93,11.51,2553.41,0.6384
2026-01-08 21:30:00,Hostel,237.36,13.35,3169.22,0.7923
2026-01-08 21:45:00,Computer Lab,228.95,14.35,3284.45,0.8211
2026-01-08 22:00:00,Laboratory,226.65,8.92,2021.92,0.5055
2026-01-08 22:15:00,Laboratory,235.2,6.02,1416.34,0.3541
2026-01-08 22:30:00,Hostel,226.97,8.76,1988.18,0.497
2026-01-08 22:45:00,Hostel,239.13,10.78,2578.02,0.6445
2026-01-08 23:00:00,Computer Lab,233.39,7.11,1659.1,0.4148
2026-01-08 23:15:00,Library,227.56,7.13,1622.18,0.4055
2026-01-08 23:30:00,Computer Lab,240.79,11.03,2656.2,0.6641
2026-01-08 23:45:00,Hostel,226.97,9.85,2236.59,0.5591
2026-01-09 00:00:00,Hostel,233.71,10.1,2360.1,0.59
2026-01-09 00:15:00,Academic Block,231.5,7.72,1788.2,0.447
2026-01-09 00:30:00,Hostel,236.51,9.31,2201.61,0.5504
2026-01-09 00:45:00,Academic Block,237.81,7.23,1718.71,0.4297
2026-01-09 01:00:00,Library,230.16,12.67,2916.26,0.7291
2026-01-09 01:15:00,Computer Lab,226.23,13.11,2964.95,0.7412
2026-01-09 01:30:00,Computer Lab,232.3,4.46,1036.39,0.2591
2026-01-09 01:45:00,Academic Block,226.61,7.21,1634.2,0.4086
2026-01-09 02:00:00,Computer Lab,240.07,5.51,1322.87,0.3307
2026-01-09 02:15:00,Hostel,230.68,8.05,1856.98,0.4642
2026-01-09 02:30:00,Laboratory,228.17,9.75,2224.62,0.5562
2026-01-09 02:45:00,Academic Block,230.92,5.65,1304.96,0.3262
2026-01-09 03:00:00,Computer Lab,223.26,7.23,1615.19,0.4038
2026-01-09 03:15:00,Academic Block,225.14,6.99,1573.32,0.3933
2026-01-09 03:30:00,Academic Block,236.0,10.62,2506.77,0.6267
2026-01-09 03:45:00,Laboratory,226.72,10.21,2314.32,0.5786
2026-01-09 04:00:00,Hostel,224.77,7.83,1760.99,0.4402
2026-01-09 04:15:00,Academic Block,232.68,10.53,2450.26,0.6126
2026-01-09 04:30:00,Computer Lab,235.93,8.36,1972.35,0.4931
2026-01-09 04:45:00,Library,233.59,9.19,2145.58,0.5364
2026-01-09 05:00:00,Academic Block,234.98,15.02,3529.49,0.8824
2026-01-09 05:15:00,Academic Block,226.22,14.02,3171.86,0.793
2026-01-09 05:30:00,Laboratory,222.89,6.1,1359.91,0.34
2026-01-09 05:45:00,Hostel,237.51,12.49,2966.27,0.7416
2026-01-09 06:00:00,Library,228.39,12.43,2839.8,0.71
2026-01-09 06:15:00,Computer Lab,228.75,6.56,1499.48,0.3749
2026-01-09 06:30:00,Library,236.64,12.46,2947.68,0.7369
2026-01-09 06:45:00,Computer Lab,232.78,14.61,3401.82,0.8505
2026-01-09 07:00:00,Hostel,232.28,6.63,1540.56,0.3851
2026-01-09 07:15:00,Computer Lab,240.83,7.25,1745.38,0.4363
2026-01-09 07:30:00,Laboratory,226.78,13.05,2960.19,0.74
2026-01-09 07:45:00,Laboratory,234.64,10.81,2537.5,0.6344
2026-01-09 08:00:00,Laboratory,230.29,11.65,2683.84,0.671
2026-01-09 08:15:00,Laboratory,231.34,11.02,2549.81,0.6375
2026-01-09 08:30:00,Library,237.64,11.17,2654.96,0.6637
2026-01-09 08:45:00,Hostel,232.54,6.02,1400.02,0.35
2026-01-09 09:00:00,Computer Lab,232.69,13.14,3058.02,0.7645
2026-01-09 09:15:00,Computer Lab,235.36,13.51,3179.46,0.7949
2026-01-09 09:30:00,Laboratory,228.18,9.31,2124.73,0.5312
2026-01-09 09:45:00,Laboratory,225.8,9.87,2228.59,0.5571
2026-01-09 10:00:00,Academic Block,224.78,5.41,1215.29,0.3038
2026-01-09 10:15:00,Hostel,220.17,11.54,2541.35,0.6353
2026-01-09 10:30:00,Library,240.28,11.72,2815.17,0.7038
2026-01-09 10:45:00,Computer Lab,224.48,9.81,2202.96,0.5507
2026-01-09 11:00:00,Academic Block,228.89,13.37,3061.01,0.7653
2026-01-09 11:15:00,Academic Block,228.62,9.0,2057.03,0.5143
2026-01-09 11:30:00,Computer Lab,231.54,11.69,2707.55,0.6769
2026-01-09 11:45:00,Library,234.08,6.94,1624.74,0.4062
2026-01-09 12:00:00,Academic Block,234.3,9.93,2326.47,0.5816
2026-01-09 12:15:00,Academic Block,227.08,9.48,2152.07,0.538
2026-01-09 12:30:00,Hostel,229.16,10.68,2446.54,0.6116
2026-01-09 12:45:00,Library,231.41,8.89,2057.59,0.5144
2026-01-09 13:00:00,Academic Block,228.76,9.61,2197.34,0.5493
2026-01-09 13:15:00,Library,238.04,12.48,2970.26,0.7426
2026-01-09 13:30:00,Computer Lab,232.45,8.69,2019.96,0.505
2026-01-09 13:45:00,Laboratory,233.67,5.18,1210.5,0.3026
2026-01-09 14:00:00,Academic Block,233.31,15.25,3557.75,0.8894
2026-01-09 14:15:00,Hostel,235.87,14.14,3336.19,0.834
2026-01-09 14:30:00,Computer Lab,230.91,6.12,1413.88,0.3535
2026-01-09 14:45:00,Library,223.52,12.07,2697.64,0.6744
2026-01-09 15:00:00,Computer Lab,232.0,8.49,1969.92,0.4925
2026-01-09 15:15:00,Academic Block,226.74,10.79,2446.66,0.6117
2026-01-09 15:30:00,Library,227.36,10.88,2474.25,0.6186
2026-01-09 15:45:00,Laboratory,232.93,9.3,2165.52,0.5414
2026-01-09 16:00:00,Computer Lab,236.19,7.65,1806.56,0.4516
2026-01-09 16:15:00,Academic Block,230.11,7.93,1824.37,0.4561
2026-01-09 16:30:00,Hostel,231.54,7.25,1679.02,0.4198
2026-01-09 16:45:00,Library,238.51,7.5,1789.91,0.4475
2026-01-09 17:00:00,Computer Lab,231.2,9.8,2265.44,0.5664
2026-01-09 17:15:00,Computer Lab,243.01,7.85,1908.28,0.4771
2026-01-09 17:30:00,Laboratory,232.83,12.05,2804.68,0.7012
2026-01-09 17:45:00,Laboratory,221.2,14.46,3198.88,0.7997
2026-01-09 18:00:00,Hostel,233.77,8.26,1930.88,0.4827
2026-01-09 18:15:00,Hostel,231.91,10.72,2485.62,0.6214
2026-01-09 18:30:00,Academic Block,236.45,11.5,2718.94,0.6797
2026-01-09 18:45:00,Academic Block,233.37,11.42,2664.11,0.666
2026-01-09 19:00:00,Hostel,229.31,10.23,2345.33,0.5863
2026-01-09 19:15:00,Hostel,223.88,12.23,2737.6,0.6844
2026-01-09 19:30:00,Library,228.95,11.45,2620.79,0.6552
2026-01-09 19:45:00,Laboratory,225.75,6.29,1419.28,0.3548
2026-01-09 20:00:00,Academic Block,227.1,12.61,2863.12,0.7158
2026-01-09 20:15:00,Laboratory,232.94,12.66,2949.49,0.7374
2026-01-09 20:30:00,Laboratory,238.35,7.71,1837.71,0.4594
2026-01-09 20:45:00,Hostel,231.97,10.11,2346.14,0.5865
2026-01-09 21:00:00,Library,224.02,12.05,2699.45,0.6749
2026-01-09 21:15:00,Computer Lab,232.22,9.37,2176.41,0.5441
2026-01-09 21:30:00,Library,235.98,13.22,3119.45,0.7799
2026-01-09 21:45:00,Library,226.95,17.09,3878.96,0.9697
2026-01-09 22:00:00,Laboratory,229.33,7.64,1752.55,0.4381
2026-01-09 22:15:00,Library,230.07,5.86,1347.51,0.3369
2026-01-09 22:30:00,Academic Block,226.08,10.91,2466.81,0.6167
2026-01-09 22:45:00,Laboratory,233.24,12.16,2837.31,0.7093
2026-01-09 23:00:00,Academic Block,229.4,9.31,2135.07,0.5338
2026-01-09 23:15:00,Computer Lab,232.1,14.36,3332.87,0.8332
2026-01-09 23:30:00,Laboratory,225.56,5.98,1349.81,0.3375
2026-01-09 23:45:00,Computer Lab,227.81,12.08,2751.69,0.6879
2026-01-10 00:00:00,Laboratory,233.61,8.18,1911.51,0.4779
2026-01-10 00:15:00,Hostel,228.14,15.16,3458.11,0.8645
2026-01-10 00:30:00,Library,238.63,15.98,3812.8,0.9532
2026-01-10 00:45:00,Hostel,228.0,7.7,1755.62,0.4389
2026-01-10 01:00:00,Computer Lab,231.12,8.35,1930.19,0.4825
2026-01-10 01:15:00,Library,234.66,12.58,2951.77,0.7379
2026-01-10 01:30:00,Laboratory,222.91,8.84,1970.2,0.4925
2026-01-10 01:45:00,Library,221.2,9.86,2181.83,0.5455
2026-01-10 02:00:00,Academic Block,222.37,10.08,2240.65,0.5602
2026-01-10 02:15:00,Library,236.31,4.24,1002.2,0.2505
2026-01-10 02:30:00,Academic Block,227.24,9.96,2262.97,0.5657
2026-01-10 02:45:00,Library,242.79,7.93,1925.53,0.4814
2026-01-10 03:00:00,Academic Block,227.18,8.52,1935.71,0.4839
2026-01-10 03:15:00,Computer Lab,230.92,14.33,3309.33,0.8273
2026-01-10 03:30:00,Hostel,237.71,6.23,1481.05,0.3703
2026-01-10 03:45:00,Laboratory,240.03,12.44,2985.89,0.7465
2026-01-10 04:00:00,Library,240.31,9.16,2201.96,0.5505
2026-01-10 04:15:00,Hostel,236.04,9.16,2162.31,0.5406
2026-01-10 04:30:00,Laboratory,235.12,12.37,2908.7,0.7272
2026-01-10 04:45:00,Laboratory,232.96,11.02,2567.28,0.6418
2026-01-10 05:00:00,Academic Block,233.89,11.71,2739.3,0.6848
2026-01-10 05:15:00,Computer Lab,227.24,12.9,2932.48,0.7331
2026-01-10 05:30:00,Computer Lab,225.91,9.01,2034.55,0.5086
2026-01-10 05:45:00,Hostel,229.98,8.16,1877.42,0.4694
2026-01-10 06:00:00,Computer Lab,229.15,6.74,1545.51,0.3864
2026-01-10 06:15:00,Library,227.73,7.52,1713.42,0.4284
2026-01-10 06:30:00,Computer Lab,233.48,18.85,4400.5,1.1001
2026-01-10 06:45:00,Hostel,234.78,13.73,3224.43,0.8061
2026-01-10 07:00:00,Computer Lab,230.44,5.95,1370.39,0.3426
2026-01-10 07:15:00,Library,237.39,6.03,1432.07,0.358
2026-01-10 07:30:00,Academic Block,224.29,11.45,2567.15,0.6418
2026-01-10 07:45:00,Hostel,229.03,11.64,2666.34,0.6666
2026-01-10 08:00:00,Academic Block,226.42,11.65,2636.99,0.6592
2026-01-10 08:15:00,Academic Block,220.67,9.24,2037.89,0.5095
2026-01-10 08:30:00,Academic Block,229.59,9.62,2209.46,0.5524
2026-01-10 08:45:00,Laboratory,229.39,10.98,2519.55,0.6299
2026-01-10 09:00:00,Laboratory,237.57,10.26,2436.89,0.6092
2026-01-10 09:15:00,Academic Block,233.15,3.34,779.22,0.1948
2026-01-10 09:30:00,Hostel,224.88,9.31,2093.76,0.5234
2026-01-10 09:45:00,Library,239.27,7.45,1781.56,0.4454
2026-01-10 10:00:00,Library,236.11,10.53,2485.16,0.6213
2026-01-10 10:15:00,Computer Lab,232.91,18.96,4415.0,1.1037
2026-01-10 10:30:00,Hostel,228.87,11.1,2540.99,0.6352
2026-01-10 10:45:00,Laboratory,225.2,9.06,2040.2,0.5101
2026-01-10 11:00:00,Academic Block,228.14,12.77,2912.29,0.7281
2026-01-10 11:15:00,Computer Lab,235.44,11.45,2695.37,0.6738
2026-01-10 11:30:00,Library,239.42,11.26,2695.97,0.674
2026-01-10 11:45:00,Laboratory,237.72,11.82,2809.94,0.7025
2026-01-10 12:00:00,Laboratory,227.56,16.17,3679.49,0.9199
2026-01-10 12:15:00,Academic Block,224.4,6.61,1482.7,0.3707
2026-01-10 12:30:00,Library,230.7,11.42,2634.85,0.6587
2026-01-10 12:45:00,Hostel,221.16,7.22,1596.95,0.3992
2026-01-10 13:00:00,Laboratory,231.62,11.67,2702.15,0.6755
2026-01-10 13:15:00,Academic Block,229.26,7.24,1660.76,0.4152
2026-01-10 13:30:00,Hostel,227.67,8.75,1991.63,0.4979
2026-01-10 13:45:00,Library,222.03,9.11,2023.71,0.5059
2026-01-10 14:00:00,Laboratory,232.57,12.93,3006.51,0.7516
2026-01-10 14:15:00,Hostel,227.34,12.76,2899.76,0.7249
2026-01-10 14:30:00,Hostel,224.15,6.26,1403.82,0.351
2026-01-10 14:45:00,Hostel,215.64,10.16,2191.92,0.548
2026-01-10 15:00:00,Laboratory,229.86,7.87,1809.31,0.4523
2026-01-10 15:15:00,Laboratory,238.86,6.22,1486.79,0.3717
2026-01-10 15:30:00,Computer Lab,238.31,9.35,2227.91,0.557
2026-01-10 15:45:00,Library,227.71,9.07,2066.41,0.5166
2026-01-10 16:00:00,Academic Block,226.99,17.28,3922.4,0.9806
2026-01-10 16:15:00,Hostel,232.34,11.3,2625.23,0.6563
2026-01-10 16:30:00,Computer Lab,225.01,5.87,1320.16,0.33
2026-01-10 16:45:00,Academic Block,231.51,8.31,1922.84,0.4807
2026-01-10 17:00:00,Computer Lab,233.83,13.06,3054.8,0.7637
2026-01-10 17:15:00,Laboratory,236.13,16.27,3840.81,0.9602
2026-01-10 17:30:00,Hostel,229.5,5.24,1203.05,0.3008
2026-01-10 17:45:00,Academic Block,228.98,4.36,998.41,0.2496
2026-01-10 18:00:00,Academic Block,225.61,15.61,3522.43,0.8806
2026-01-10 18:15:00,Academic Block,225.87,11.17,2522.66,0.6307
2026-01-10 18:30:00,Academic Block,228.87,7.4,1692.5,0.4231
2026-01-10 18:45:00,Academic Block,231.84,11.6,2690.21,0.6726
2026-01-10 19:00:00,Computer Lab,234.57,2.09,490.89,0.1227
2026-01-10 19:15:00,Hostel,225.98,10.01,2262.13,0.5655
2026-01-10 19:30:00,Laboratory,237.46,10.98,2608.17,0.652
2026-01-10 19:45:00,Laboratory,228.64,12.77,2920.43,0.7301
2026-01-10 20:00:00,Laboratory,229.89,6.96,1599.67,0.3999
2026-01-10 20:15:00,Laboratory,226.26,10.26,2320.8,0.5802
2026-01-10 20:30:00,Computer Lab,217.88,7.22,1573.9,0.3935
2026-01-10 20:45:00,Library,234.42,10.77,2523.8,0.631
2026-01-10 21:00:00,Hostel,233.68,7.31,1709.16,0.4273
2026-01-10 21:15:00,Academic Block,228.59,8.78,2006.07,0.5015
2026-01-10 21:30:00,Library,230.33,7.01,1615.24,0.4038
2026-01-10 21:45:00,Laboratory,232.58,11.95,2780.12,0.695
2026-01-10 22:00:00,Library,222.19,12.58,2794.08,0.6985
2026-01-10 22:15:00,Hostel,227.35,9.3,2113.52,0.5284
2026-01-10 22:30:00,Academic Block,233.97,10.11,2366.55,0.5916
2026-01-10 22:45:00,Academic Block,223.73,5.65,1265.01,0.3163
2026-01-10 23:00:00,Hostel,231.47,9.1,2106.58,0.5266
2026-01-10 23:15:00,Hostel,223.22,9.85,2198.55,0.5496
2026-01-10 23:30:00,Laboratory,232.33,17.86,4150.0,1.0375
2026-01-10 23:45:00,Academic Block,229.82,6.66,1531.56,0.3829
2026-01-11 00:00:00,Library,221.92,14.39,3194.05,0.7985
2026-01-11 00:15:00,Computer Lab,235.82,12.99,3063.49,0.7659
2026-01-11 00:30:00,Computer Lab,226.33,10.84,2453.82,0.6135
2026-01-11 00:45:00,Hostel,225.95,15.28,3451.56,0.8629
2026-01-11 01:00:00,Laboratory,231.0,11.12,2567.9,0.642
2026-01-11 01:15:00,Computer Lab,235.74,11.17,2632.66,0.6582
2026-01-11 01:30:00,Academic Block,224.92,9.84,2213.37,0.5533
2026-01-11 01:45:00,Hostel,230.31,13.67,3148.48,0.7871
2026-01-11 02:00:00,Library,232.14,13.29,3085.06,0.7713
2026-01-11 02:15:00,Hostel,233.47,8.12,1896.43,0.4741
2026-01-11 02:30:00,Library,230.88,6.04,1395.05,0.3488
2026-01-11 02:45:00,Hostel,228.16,9.39,2142.71,0.5357
2026-01-11 03:00:00,Hostel,225.86,7.6,1716.53,0.4291
2026-01-11 03:15:00,Hostel,230.43,9.81,2260.39,0.5651
2026-01-11 03:30:00,Library,224.64,13.71,3080.32,0.7701
2026-01-11 03:45:00,Library,215.39,8.63,1858.43,0.4646
2026-01-11 04:00:00,Hostel,232.18,9.87,2292.0,0.573
2026-01-11 04:15:00,Computer Lab,234.52,10.17,2386.02,0.5965
2026-01-11 04:30:00,Laboratory,218.19,12.55,2737.2,0.6843
2026-01-11 04:45:00,Laboratory,224.95,3.26,733.19,0.1833
2026-01-11 05:00:00,Laboratory,233.1,8.18,1906.7,0.4767
2026-01-11 05:15:00,Library,240.29,10.63,2555.18,0.6388
2026-01-11 05:30:00,Library,230.1,13.6,3129.47,0.7824
2026-01-11 05:45:00,Computer Lab,226.36,8.52,1929.56,0.4824
2026-01-11 06:00:00,Laboratory,229.09,4.37,1001.18,0.2503
2026-01-11 06:15:00,Laboratory,236.87,11.86,2809.13,0.7023
2026-01-11 06:30:00,Hostel,226.77,8.09,1835.46,0.4589
2026-01-11 06:45:00,Library,226.0,6.43,1453.43,0.3634
2026-01-11 07:00:00,Laboratory,227.59,8.13,1849.59,0.4624
2026-01-11 07:15:00,Computer Lab,225.23,9.45,2127.65,0.5319
2026-01-11 07:30:00,Computer Lab,230.61,8.19,1887.75,0.4719
2026-01-11 07:45:00,Laboratory,238.12,3.38,805.64,0.2014
2026-01-11 08:00:00,Library,231.62,12.69,2939.48,0.7349
2026-01-11 08:15:00,Computer Lab,228.74,13.82,3162.22,0.7906
2026-01-11 08:30:00,Hostel,228.54,11.95,2732.11,0.683
2026-01-11 08:45:00,Computer Lab,222.18,6.59,1463.51,0.3659
2026-01-11 09:00:00,Academic Block,234.42,9.4,2202.46,0.5506
2026-01-11 09:15:00,Academic Block,229.61,9.98,2291.62,0.5729
2026-01-11 09:30:00,Library,229.1,11.8,2702.52,0.6756
2026-01-11 09:45:00,Laboratory,245.97,12.01,2952.82,0.7382
